Country,Moody's rating,Adj. Default Spread,Country Risk Premium,Corporate Tax Rate,GDP (in $ millions)
Abu Dhabi,Aa2,0.46%,0.60%,15.00%,"$2,99,500"
Albania,B1,4.24%,5.50%,15.00%,"$18,916"
Algeria,NR,2.83%,3.67%,26.00%,"$1,94,998"
Andorra (Principality of),Baa1,1.50%,1.95%,18.98%,"$3,330"
Angola,B3,6.12%,7.94%,25.00%,"$1,06,783"
Anguilla,NR,10.54%,18.75%,27.25%,NA
Antigua & Barbuda,NR,10.54%,18.75%,27.25%,NA
Argentina,Ca,11.29%,14.66%,35.00%,"$6,31,133"
Armenia,Ba3,3.38%,4.39%,18.00%,"$19,513"
Aruba,Baa3,2.07%,2.68%,25.00%,"$3,545"
Australia,Aaa,0.00%,0.00%,30.00%,"$16,92,957"
Austria,Aa1,0.38%,0.49%,24.00%,"$4,70,942"
Azerbaijan,Ba1,2.36%,3.06%,20.00%,"$78,721"
Bahamas,B1,4.24%,5.50%,0.00%,"$11,210"
Bahrain,B2,5.18%,6.72%,0.00%,"$44,383"
Bangladesh,B1,4.24%,5.50%,30.00%,"$4,60,201"
Barbados,B3,6.12%,7.94%,5.50%,"$5,700"
Belarus,C,17.50%,22.72%,18.00%,"$72,793"
Belgium,Aa3,0.56%,0.73%,25.00%,"$5,83,436"
Belize,Caa2,8.47%,11.00%,28.53%,"$2,831"
Benin,B1,4.24%,5.50%,30.00%,"$17,397"
Bermuda,A2,0.80%,1.03%,0.00%,"$7,546"
Bolivia,Caa3,9.41%,12.22%,25.00%,"$44,008"
Bosnia and Herzegovina,B3,6.12%,7.94%,10.00%,"$24,474"
Botswana,A3,1.13%,1.46%,22.00%,"$20,356"
Brazil,Ba2,2.83%,3.67%,34.00%,"$19,20,096"
British Virgin Islands,Ba2,3.28%,4.40%,34.00%,NA
Brunei,NR,0.56%,0.73%,18.50%,"$14,010"
Bulgaria,Baa1,1.50%,1.95%,10.00%,"$90,346"
Burkina Faso,Caa1,7.06%,9.16%,28.00%,"$18,820"
Cambodia,B2,5.18%,6.72%,20.00%,"$29,505"
Cameroon,Caa1,7.06%,9.16%,33.00%,"$43,644"
Canada,Aaa,0.00%,0.00%,26.50%,"$21,37,939"
Cape Verde,B3,6.12%,7.94%,0.00%,"$1,936"
Cayman Islands,Aa3,0.56%,0.73%,0.00%,"$6,845"
Channel Islands,NR,0.96%,5.89%,24.71%,NA
Chile,A2,0.80%,1.03%,27.00%,"$3,01,025"
China,A1,0.66%,0.86%,25.00%,"$1,79,63,171"
Colombia,Baa2,1.79%,2.33%,35.00%,"$3,43,622"
Congo (Democratic Republic of),B3,6.12%,7.94%,30.00%,"$64,719"
Congo (Republic of),Caa2,8.47%,11.00%,28.00%,"$14,616"
Cook Islands,B1,4.24%,5.50%,29.74%,"$1,414"
Costa Rica,B1,4.24%,5.50%,30.00%,"$69,244"
Croatia,Baa2,1.79%,2.33%,18.00%,"$71,600"
Cuba,Ca,11.29%,14.66%,28.53%,"$6,33,442"
Curaçao,Baa2,2.07%,2.78%,22.00%,NA
Cyprus,Baa2,1.79%,2.33%,12.50%,"$29,251"
Czech Republic,Aa3,0.56%,0.73%,19.00%,"$2,90,528"
Denmark,Aaa,0.00%,0.00%,22.00%,"$4,00,167"
Dominican Republic,Ba3,3.38%,4.39%,27.00%,"$1,13,537"
Ecuador,Caa3,9.41%,12.22%,25.00%,"$1,15,049"
Egypt,Caa1,7.06%,9.16%,22.50%,"$4,76,748"
El Salvador,Caa1,7.06%,9.16%,30.00%,"$32,489"
Estonia,A1,0.66%,0.86%,20.00%,"$38,101"
Ethiopia,Caa2,8.47%,11.00%,30.00%,"$1,26,783"
Falkland Islands,NR,4.29%,10.36%,31.60%,NA
Fiji,B1,4.24%,5.50%,20.00%,"$4,980"
Finland,Aa1,0.38%,0.49%,20.00%,"$2,82,896"
France,Aa2,0.46%,0.60%,25.00%,"$27,79,092"
French Guiana,NR,4.29%,10.36%,31.60%,NA
Gabon,Caa2,8.47%,11.00%,30.00%,"$21,072"
Gambia,NR,4.24%,5.50%,31.00%,"$2,038"
Georgia,Ba2,2.83%,3.67%,15.00%,"$24,781"
Germany,Aaa,0.00%,0.00%,30.00%,"$40,82,469"
Ghana,Caa3,9.41%,12.22%,25.00%,"$73,766"
Gibraltar,NR,0.96%,5.89%,24.71%,NA
Greece,Ba1,2.36%,3.06%,22.00%,"$2,17,581"
Greenland,NR,0.00%,0.00%,0.00%,NA
Guatemala,Ba1,2.36%,3.06%,25.00%,"$95,003"
Guernsey (States of),A1,0.66%,0.86%,0.00%,"$3,446"
Guinea,NR,8.47%,11.00%,29.15%,"$20,999"
Guinea-Bissau,NR,6.12%,7.94%,29.15%,"$1,634"
Guyana,NR,1.50%,1.95%,18.64%,"$14,718"
Haiti,NR,11.29%,14.66%,18.64%,"$20,254"
Honduras,B1,4.24%,5.50%,25.00%,"$31,718"
Hong Kong,Aa3,0.56%,0.73%,16.50%,"$3,59,839"
Hungary,Baa2,1.79%,2.33%,9.00%,"$1,77,337"
Iceland,A2,0.80%,1.03%,20.00%,"$28,065"
India,Baa3,2.07%,2.68%,30.00%,"$34,16,646"
Indonesia,Baa2,1.79%,2.33%,22.00%,"$13,19,100"
Iran,NR,6.12%,7.94%,20.23%,"$4,13,493"
Iraq,Caa1,7.06%,9.16%,15.00%,"$2,64,182"
Ireland,Aa3,0.56%,0.73%,12.50%,"$5,33,140"
Isle of Man,Aa3,0.56%,0.73%,0.00%,"$6,684"
Israel,A2,0.80%,1.03%,23.00%,"$5,25,002"
Italy,Baa3,2.07%,2.68%,24.00%,"$20,49,737"
Ivory Coast,Ba2,2.83%,3.67%,25.00%,NA
Jamaica,B1,4.24%,5.50%,25.00%,"$17,098"
Japan,A1,0.66%,0.86%,30.62%,"$42,32,174"
Jersey (States of),Aa3,0.56%,0.73%,0.00%,"$4,890"
Jordan,Ba3,3.38%,4.39%,20.00%,"$48,653"
Kazakhstan,Baa2,1.79%,2.33%,20.00%,"$2,25,496"
Kenya,B3,6.12%,7.94%,30.00%,"$1,13,420"
"Korea, D.P.R.",NR,17.50%,22.72%,23.10%,"$28,500"
Kuwait,A1,0.66%,0.86%,15.00%,"$1,75,363"
Kyrgyzstan,B3,6.12%,7.94%,10.00%,"$11,544"
Laos,Caa3,9.41%,12.22%,26.86%,"$15,469"
Latvia,A3,1.13%,1.46%,20.00%,"$40,932"
Lebanon,C,17.50%,22.72%,17.00%,"$23,132"
Liberia,NR,7.06%,9.16%,29.15%,"$4,001"
Libya,NR,1.50%,1.95%,20.00%,"$45,752"
Liechtenstein,Aaa,0.00%,0.00%,12.50%,"$7,710"
Lithuania,A2,0.80%,1.03%,15.00%,"$70,974"
Luxembourg,Aaa,0.00%,0.00%,24.94%,"$81,642"
Macau,Aa3,0.56%,0.73%,26.86%,NA
Macedonia,Ba3,3.38%,4.39%,10.00%,"$13,563"
Madagascar,NR,6.12%,7.94%,20.00%,"$15,297"
Malawi,NR,11.29%,14.66%,30.00%,"$13,165"
Malaysia,A3,1.13%,1.46%,24.00%,"$4,07,027"
Maldives,Caa1,7.06%,9.16%,26.86%,"$6,171"
Mali,Caa2,8.47%,11.00%,26.86%,"$18,827"
Malta,A2,0.80%,1.03%,35.00%,"$18,126"
Martinique,NR,0.00%,0.00%,0.00%,NA
Mauritius,Baa3,2.07%,2.68%,15.00%,"$12,949"
Mexico,Baa2,1.79%,2.33%,30.00%,"$14,65,854"
Monaco,NR,0.00%,0.00%,24.71%,NA
Moldova,B3,6.12%,7.94%,12.00%,"$14,508"
Mongolia,B3,6.12%,7.94%,25.00%,"$17,146"
Montenegro,B1,4.24%,5.50%,15.00%,"$6,230"
Montserrat,Baa3,2.07%,2.68%,28.53%,"$16,199"
Morocco,Ba1,2.36%,3.06%,32.00%,"$1,30,913"
Mozambique,Caa2,8.47%,11.00%,32.00%,"$18,407"
Myanmar,NR,8.47%,11.00%,25.00%,"$62,263"
Namibia,B1,4.24%,5.50%,32.00%,"$12,915"
Netherlands,Aaa,0.00%,0.00%,25.80%,"$10,09,399"
Netherlands Antilles,#N/A,#N/A,#N/A,#N/A,NA
New Zealand,Aaa,0.00%,0.00%,28.00%,"$2,48,102"
Nicaragua,B2,5.18%,6.72%,30.00%,"$15,672"
Niger,Caa3,9.41%,12.22%,26.86%,"$15,342"
Nigeria,Caa1,7.06%,9.16%,30.00%,"$4,72,625"
Norway,Aaa,0.00%,0.00%,22.00%,"$5,79,422"
Oman,Ba1,2.36%,3.06%,15.00%,"$1,14,667"
Pakistan,Caa3,9.41%,12.22%,29.00%,"$3,74,697"
Palestinian Authority,NR,1.61%,6.76%,18.76%,NA
Panama,Baa3,2.07%,2.68%,25.00%,"$76,523"
Papua New Guinea,B2,5.18%,6.72%,30.00%,"$31,604"
Paraguay,Ba1,2.36%,3.06%,10.00%,"$41,722"
Peru,Baa1,1.50%,1.95%,29.50%,"$2,42,632"
Philippines,Baa2,1.79%,2.33%,25.00%,"$4,04,284"
Poland,A2,0.80%,1.03%,19.00%,"$6,88,125"
Portugal,A3,1.13%,1.46%,21.00%,"$2,55,197"
Qatar,Aa2,0.46%,0.60%,10.00%,"$2,36,258"
Ras Al Khaimah (Emirate of),A3,1.13%,1.46%,0.00%,"$11,000"
Reunion,NR,1.25%,6.28%,25.76%,NA
Romania,Baa3,2.07%,2.68%,16.00%,"$3,00,691"
Russia,NR,2.83%,3.67%,20.00%,"$22,40,422"
Rwanda,B2,5.18%,6.72%,30.00%,"$13,311"
Saint Lucia,NR,10.54%,18.75%,27.25%,NA
Saudi Arabia,A1,0.66%,0.86%,20.00%,"$11,08,572"
Senegal,Ba3,3.38%,4.39%,30.00%,"$27,684"
Serbia,Ba2,2.83%,3.67%,15.00%,"$63,563"
Sharjah,Ba1,2.36%,3.06%,0.00%,"$24,800"
Sierra Leone,NR,8.47%,11.00%,30.00%,"$4,095"
Singapore,Aaa,0.00%,0.00%,17.00%,"$4,66,788"
Slovakia,A2,0.80%,1.03%,21.00%,"$1,15,462"
Slovenia,A3,1.13%,1.46%,19.00%,"$60,063"
Solomon Islands,Caa1,7.06%,9.16%,30.00%,"$1,597"
Somalia,NR,11.29%,14.66%,29.15%,"$10,420"
South Africa,Ba2,2.83%,3.67%,27.00%,"$4,05,271"
South Korea,Aa2,0.46%,0.60%,25.00%,"$16,73,916"
Spain,Baa1,1.50%,1.95%,25.00%,"$14,17,800"
Sri Lanka,Ca,11.29%,14.66%,24.00%,"$74,404"
St. Maarten,Ba2,2.83%,3.67%,28.53%,"$11,900"
St. Vincent & the Grenadines,B3,6.12%,7.94%,28.53%,"$8,100"
Sudan,NR,17.50%,22.72%,35.00%,"$51,662"
Suriname,Caa3,9.41%,12.22%,36.00%,"$3,621"
Swaziland,B3,6.12%,7.94%,27.50%,"$4,791"
Sweden,Aaa,0.00%,0.00%,20.60%,"$5,91,189"
Switzerland,Aaa,0.00%,0.00%,14.60%,"$8,18,427"
Syria,NR,17.50%,22.72%,28.00%,"$8,970"
Taiwan,Aa3,0.56%,0.73%,20.00%,"$7,61,690"
Tajikistan,B3,6.12%,7.94%,18.00%,"$10,492"
Tanzania,B1,4.24%,5.50%,30.00%,"$75,732"
Thailand,Baa1,1.50%,1.95%,20.00%,"$4,95,423"
Togo,B3,6.12%,7.94%,26.86%,"$8,341"
Trinidad & Tobago,Ba2,3.28%,4.40%,30.00%,"$30,054"
Tunisia,Caa2,8.47%,11.00%,15.00%,"$46,304"
Turkey,B3,6.12%,7.94%,25.00%,"$9,07,118"
Turks & Caicos Islands,Baa1,1.74%,2.34%,0.00%,"$1,139"
Uganda,B3,6.12%,7.94%,30.00%,"$45,567"
Ukraine,Ca,11.29%,14.66%,18.00%,"$1,60,503"
United Arab Emirates,Aa2,0.46%,0.60%,25.00%,"$5,07,064"
United Kingdom,Aa3,0.56%,0.73%,25.00%,"$30,89,073"
United States,Aaa,0.00%,0.00%,25.00%,"$2,54,39,700"
Uruguay,Baa1,1.50%,1.95%,25.00%,"$71,177"
Uzbekistan,Ba3,3.38%,4.39%,15.00%,"$80,392"
Venezuela,C,17.50%,22.72%,34.00%,"$98,400"
Vietnam,Ba2,2.83%,3.67%,20.00%,"$4,08,802"
Yemen,NR,11.29%,14.66%,20.00%,"$21,610"
Zambia,Caa2,8.47%,11.00%,35.00%,"$29,164"
Zimbabwe,NR,8.47%,11.00%,25.00%,"$27,367"
